{
    "room": [
        0.41620996401950733,
        0.05633895739090859,
        0.09213385323891343,
        0.053939698164275456,
        0.09552721691626624,
        0.08397966710332515,
        0.02572165468630185,
        0.037395684408820976,
        0.0036372843645833333,
        0.014702700135604629,
        0.007987829690523059,
        0.11242548988096884
    ],
    "icon": [
        0.9356120483432163,
        0.014872577592171634,
        0.00685323114594669,
        0.01969073438310248,
        0.009113888960549201,
        0.0021381074826352254,
        0.003627837671186645,
        0.006469679723485028,
        0.0009670076428053512,
        0.0005669703570506217,
        8.791669785325381e-05
    ]
}